{"x":248.92027282714845,"y":276.6344299316406,"z":258.4393005371094}
{"x":248.77902221679688,"y":277.13543701171877,"z":258.43865966796877}
{"x":246.81716918945313,"y":275.9136047363281,"z":258.23980712890627}
{"x":247.47373962402345,"y":277.6757507324219,"z":258.74114990234377}
