{"x":247.89126586914063,"y":274.501953125,"z":258.6440124511719}
{"x":247.88052368164063,"y":274.9962463378906,"z":258.4852294921875}
{"x":247.6796112060547,"y":273.7144775390625,"z":256.57733154296877}
{"x":247.364990234375,"y":275.505615234375,"z":257.2583312988281}
