{"x":248.7058563232422,"y":276.3271179199219,"z":258.553955078125}
{"x":248.57322692871095,"y":276.8243713378906,"z":258.6325988769531}
{"x":246.59605407714845,"y":275.623046875,"z":258.777587890625}
{"x":247.4027557373047,"y":277.3007507324219,"z":259.2891540527344}
